{"cameraMode":{"drawMode":0,"name":"Shaded","section":"Shading Mode"},"sceneLighting":true,"audioPlay":false,"sceneViewState":{"showFog":true,"showMaterialUpdate":false,"showSkybox":true,"showFlares":true,"showImageEffects":true,"showParticleSystems":true},"in2DMode":false,"pivot":{"x":12.142562866210938,"y":9.438676834106446,"z":-2.3039350509643556},"rotation":{"x":-0.03218487277626991,"y":0.7620366215705872,"z":-0.037988003343343738,"w":-0.6456199884414673},"size":3.121830463409424,"orthographic":false}